http://www.qudt.org/qudt/owl/1.0.0/unit/Instances.html#Abampere,http://qudt.org/vocab/unit/A_Ab
http://www.qudt.org/qudt/owl/1.0.0/unit/Instances.html#Abcoulomb,http://qudt.org/vocab/unit/C_Ab
http://www.qudt.org/qudt/owl/1.0.0/unit/Instances.html#Abfarad,http://qudt.org/vocab/unit/FARAD_Ab
http://www.qudt.org/qudt/owl/1.0.0/unit/Instances.html#Abhenry,http://qudt.org/vocab/unit/H_Ab
http://www.qudt.org/qudt/owl/1.0.0/unit/Instances.html#Abohm,http://qudt.org/vocab/unit/OHM_Ab
http://www.qudt.org/qudt/owl/1.0.0/unit/Instances.html#Absiemen,http://qudt.org/vocab/unit/S_Ab
http://www.qudt.org/qudt/owl/1.0.0/unit/Instances.html#Abtesla,http://qudt.org/vocab/unit/T_Ab
http://www.qudt.org/qudt/owl/1.0.0/unit/Instances.html#Abvolt,http://qudt.org/vocab/unit/V_Ab
http://www.qudt.org/qudt/owl/1.0.0/unit/Instances.html#AbvoltSecond,http://qudt.org/vocab/unit/V_Ab-SEC
http://www.qudt.org/qudt/owl/1.0.0/unit/Instances.html#AmpereTurn,http://qudt.org/vocab/unit/AT
http://www.qudt.org/qudt/owl/1.0.0/unit/Instances.html#Dyne,http://qudt.org/vocab/unit/DYN
http://www.qudt.org/qudt/owl/1.0.0/unit/Instances.html#Erg,http://qudt.org/vocab/unit/ERG
http://www.qudt.org/qudt/owl/1.0.0/unit/Instances.html#Ergsecond,http://qudt.org/vocab/unit/ERG-SEC
http://www.qudt.org/qudt/owl/1.0.0/unit/Instances.html#Gauss,http://qudt.org/vocab/unit/GAUSS
http://www.qudt.org/qudt/owl/1.0.0/unit/Instances.html#Gilbert,http://qudt.org/vocab/unit/GI
http://www.qudt.org/qudt/owl/1.0.0/unit/Instances.html#Gram,http://qudt.org/vocab/unit/GM
http://www.qudt.org/qudt/owl/1.0.0/unit/Instances.html#KilogramKelvin,http://qudt.org/vocab/unit/KiloGM-K
http://www.qudt.org/qudt/owl/1.0.0/unit/Instances.html#Maxwell,http://qudt.org/vocab/unit/MX
http://www.qudt.org/qudt/owl/1.0.0/unit/Instances.html#MoleKelvin,http://qudt.org/vocab/unit/MOL-K
http://www.qudt.org/qudt/owl/1.0.0/unit/Instances.html#Oersted,http://qudt.org/vocab/unit/OERSTED
http://www.qudt.org/qudt/owl/1.0.0/unit/Instances.html#Poise,http://qudt.org/vocab/unit/POISE
http://www.qudt.org/qudt/owl/1.0.0/unit/Instances.html#Statampere,http://qudt.org/vocab/unit/A_Stat
http://www.qudt.org/qudt/owl/1.0.0/unit/Instances.html#Statcoulomb,http://qudt.org/vocab/unit/C_Stat
http://www.qudt.org/qudt/owl/1.0.0/unit/Instances.html#Statfarad,http://qudt.org/vocab/unit/FARAD_Stat
http://www.qudt.org/qudt/owl/1.0.0/unit/Instances.html#Stathenry,http://qudt.org/vocab/unit/H_Stat
http://www.qudt.org/qudt/owl/1.0.0/unit/Instances.html#Statohm,http://qudt.org/vocab/unit/OHM_Stat
http://www.qudt.org/qudt/owl/1.0.0/unit/Instances.html#Statvolt,http://qudt.org/vocab/unit/V_Stat
