original	old	match_kind	name_usage	accepted_name_usage	parent_name_usage
Acacia boormanii	:acacia-boormanii	species match	https://id.biodiversity.org.au/instance/apni/604235	https://id.biodiversity.org.au/instance/apni/604235	https://id.biodiversity.org.au/instance/apni/51436462
Acacia genistifolia	:acacia-genistifolia	species match	https://id.biodiversity.org.au/instance/apni/780711	https://id.biodiversity.org.au/instance/apni/780711	https://id.biodiversity.org.au/instance/apni/51436462
Acacia ulicifolia	:acacia-ulicifolia	species match	https://id.biodiversity.org.au/instance/apni/610010	https://id.biodiversity.org.au/instance/apni/610010	https://id.biodiversity.org.au/instance/apni/51436462
Acaena echinata	:acaena-echinata	species match	https://id.biodiversity.org.au/instance/apni/51446260	https://id.biodiversity.org.au/instance/apni/51446260	https://id.biodiversity.org.au/instance/apni/646289
Acanthiza reguloides	:acanthiza-reguloides	species match	https://id.biodiversity.org.au/instance/afd/72467557	https://id.biodiversity.org.au/instance/afd/70863529	https://id.biodiversity.org.au/instance/afd/70862968
Acanthorhynchus tenuirostris	:acanthorhynchus-tenuirostris	species match	https://id.biodiversity.org.au/instance/afd/70865441	https://id.biodiversity.org.au/instance/afd/70865441	https://id.biodiversity.org.au/instance/afd/70865439
Acrocephalus australis	:acrocephalus-australis	species match	https://id.biodiversity.org.au/instance/afd/70865488	https://id.biodiversity.org.au/instance/afd/70865488	https://id.biodiversity.org.au/instance/afd/70865486
Ajuga australis	:ajuga-australis	species match	https://id.biodiversity.org.au/instance/apni/51287788	https://id.biodiversity.org.au/instance/apni/51287788	https://id.biodiversity.org.au/instance/apni/680643
Alisterus scapularis	:alisterus-scapularis	species match	https://id.biodiversity.org.au/instance/afd/70861937	https://id.biodiversity.org.au/instance/afd/70861937	https://id.biodiversity.org.au/instance/afd/70861936
Amphibolurus muricatus	:amphibolurus-muricatus	species match	https://id.biodiversity.org.au/instance/afd/70902633	https://id.biodiversity.org.au/instance/afd/70902633	https://id.biodiversity.org.au/instance/afd/70902630
Anas castanea	:anas-castanea	species match	https://id.biodiversity.org.au/instance/afd/70864109	https://id.biodiversity.org.au/instance/afd/70864109	https://id.biodiversity.org.au/instance/afd/70864101
Anas gracilis	:anas-gracilis	species match	https://id.biodiversity.org.au/instance/afd/72602369	https://id.biodiversity.org.au/instance/afd/72599201	https://id.biodiversity.org.au/instance/afd/70864101
Anas superciliosa	:anas-superciliosa	species match	https://id.biodiversity.org.au/instance/afd/72378462	https://id.biodiversity.org.au/instance/afd/70864105	https://id.biodiversity.org.au/instance/afd/70864101
Anhinga novaehollandiae	:anhinga-novaehollandiae	species match	https://id.biodiversity.org.au/instance/afd/70865937	https://id.biodiversity.org.au/instance/afd/70865937	https://id.biodiversity.org.au/instance/afd/70865936
Antechinus agilis	:antechinus-agilis	species match	https://id.biodiversity.org.au/instance/afd/70807230	https://id.biodiversity.org.au/instance/afd/70807230	https://id.biodiversity.org.au/instance/afd/70807227
Anthochaera carunculata	:anthochaera-carunculata	species match	https://id.biodiversity.org.au/instance/afd/70865454	https://id.biodiversity.org.au/instance/afd/70865454	https://id.biodiversity.org.au/instance/afd/70865446
Apis mellifera	:apis-mellifera	species match	https://id.biodiversity.org.au/instance/afd/70824212	https://id.biodiversity.org.au/instance/afd/70824212	https://id.biodiversity.org.au/instance/afd/70824202
Aprasia parapulchella	:aprasia-parapulchella	species match	https://id.biodiversity.org.au/instance/afd/70824166	https://id.biodiversity.org.au/instance/afd/70824166	https://id.biodiversity.org.au/instance/afd/70824160
Araujia sericifera	:araujia-sericifera	species match	https://id.biodiversity.org.au/instance/apni/608287	https://id.biodiversity.org.au/instance/apni/608287	https://id.biodiversity.org.au/instance/apni/608178
Arthropodium milleflorum	:arthropodium-milleflorum	species match	https://id.biodiversity.org.au/instance/apni/51737580	https://id.biodiversity.org.au/instance/apni/51737580	https://id.biodiversity.org.au/instance/apni/610499
Arum italicum	:arum-italicum	species match	https://id.biodiversity.org.au/instance/apni/635546	https://id.biodiversity.org.au/instance/apni/635546	https://id.biodiversity.org.au/instance/apni/635545
Asperula conferta	:asperula-conferta	species match	https://id.biodiversity.org.au/instance/apni/734993	https://id.biodiversity.org.au/instance/apni/734993	https://id.biodiversity.org.au/instance/apni/733889
Asplenium flabellifolium	:asplenium-flabellifolium	species match	https://id.biodiversity.org.au/instance/apni/626464	https://id.biodiversity.org.au/instance/apni/626464	https://id.biodiversity.org.au/instance/apni/51431652
Austroaeschna pulchra	:austroaeschna-pulchra	species match	https://id.biodiversity.org.au/instance/afd/70941460	https://id.biodiversity.org.au/instance/afd/70941460	https://id.biodiversity.org.au/instance/afd/70941218
Austroargiolestes calcaris	:austroargiolestes-calcaris	species match	https://id.biodiversity.org.au/instance/afd/70944024	https://id.biodiversity.org.au/instance/afd/70944024	https://id.biodiversity.org.au/instance/afd/70944019
Austrolestes annulosus	:austrolestes-annulosus	species match	https://id.biodiversity.org.au/instance/afd/70941122	https://id.biodiversity.org.au/instance/afd/70941122	https://id.biodiversity.org.au/instance/afd/70941119
Austrostipa densiflora	:austrostipa-densiflora	species match	https://id.biodiversity.org.au/instance/apni/646972	https://id.biodiversity.org.au/instance/apni/646972	https://id.biodiversity.org.au/instance/apni/636399
Austrostipa scabra	:austrostipa-scabra	species match	https://id.biodiversity.org.au/instance/apni/557894	https://id.biodiversity.org.au/instance/apni/557894	https://id.biodiversity.org.au/instance/apni/636399
Belenois java	:belenois-java	species match	https://id.biodiversity.org.au/instance/afd/70930581	https://id.biodiversity.org.au/instance/afd/70930581	https://id.biodiversity.org.au/instance/afd/70930232
Blechnum minus	:blechnum-minus	species match	https://id.biodiversity.org.au/instance/apni/51269362	https://id.biodiversity.org.au/instance/apni/51269362	https://id.biodiversity.org.au/instance/apni/51749401
Brachychiton populneus subsp populneus	:brachychiton-populneus-subsp-populneus	subspecies match	https://id.biodiversity.org.au/instance/apni/771405	https://id.biodiversity.org.au/instance/apni/771405	https://id.biodiversity.org.au/instance/apni/51777186
Brachyscome rigidula	:brachyscome-rigidula	species match	https://id.biodiversity.org.au/instance/apni/51741576	https://id.biodiversity.org.au/instance/apni/51741576	https://id.biodiversity.org.au/instance/apni/51267658
Brachyscome spathulata	:brachyscome-spathulata	species match	https://id.biodiversity.org.au/instance/apni/51267895	https://id.biodiversity.org.au/instance/apni/51267895	https://id.biodiversity.org.au/instance/apni/51267658
Bursaria spinosa	:bursaria-spinosa	species match	https://id.biodiversity.org.au/instance/apni/7743722	https://id.biodiversity.org.au/instance/apni/7743722	https://id.biodiversity.org.au/instance/apni/559288
Cacatua sanguinea	:cacatua-sanguinea	species match	https://id.biodiversity.org.au/instance/afd/72404579	https://id.biodiversity.org.au/instance/afd/70860796	https://id.biodiversity.org.au/instance/afd/70860784
Caladenia actensis	:caladenia-actensis	species match	https://id.biodiversity.org.au/instance/apni/51396966	https://id.biodiversity.org.au/instance/apni/51396966	https://id.biodiversity.org.au/instance/apni/51396924
Caladenia caerulea	:caladenia-caerulea	species match	https://id.biodiversity.org.au/instance/apni/51401202	https://id.biodiversity.org.au/instance/apni/51401196	https://id.biodiversity.org.au/instance/apni/51401172
Caladenia fuscata	:caladenia-fuscata	species match	https://id.biodiversity.org.au/instance/apni/51397660	https://id.biodiversity.org.au/instance/apni/51397659	https://id.biodiversity.org.au/instance/apni/51396924
Caladenia montana	:caladenia-montana	species match	https://id.biodiversity.org.au/instance/apni/51398081	https://id.biodiversity.org.au/instance/apni/51398081	https://id.biodiversity.org.au/instance/apni/51396924
Callistemon pityoides	:callistemon-pityoides	species match	https://id.biodiversity.org.au/instance/apni/913985	https://id.biodiversity.org.au/instance/apni/662698	https://id.biodiversity.org.au/instance/apni/662386
Calochilus campestris	:calochilus-campestris	species match	https://id.biodiversity.org.au/instance/apni/51400124	https://id.biodiversity.org.au/instance/apni/51400124	https://id.biodiversity.org.au/instance/apni/51400112
Calotis anthemoides	:calotis-anthemoides	species match	https://id.biodiversity.org.au/instance/apni/8441127	https://id.biodiversity.org.au/instance/apni/8441126	https://id.biodiversity.org.au/instance/apni/742718
Carex inversa	:carex-inversa	species match	https://id.biodiversity.org.au/instance/apni/765841	https://id.biodiversity.org.au/instance/apni/765841	https://id.biodiversity.org.au/instance/apni/51282933
Casuarina cunninghamiana subsp cunninghamiana	:casuarina-cunninghamiana-subsp-cunninghamiana	subspecies match	https://id.biodiversity.org.au/instance/apni/458028	https://id.biodiversity.org.au/instance/apni/458028	https://id.biodiversity.org.au/instance/apni/458024
Centranthus ruber	:centranthus-ruber	species match	https://id.biodiversity.org.au/instance/apni/783011	https://id.biodiversity.org.au/instance/apni/783011	https://id.biodiversity.org.au/instance/apni/783010
Centrolepis strigosa	:centrolepis-strigosa	species match	https://id.biodiversity.org.au/instance/apni/51270483	https://id.biodiversity.org.au/instance/apni/51270481	https://id.biodiversity.org.au/instance/apni/659352
Cercartetus nanus	:cercartetus-nanus	species match	https://id.biodiversity.org.au/instance/afd/70792326	https://id.biodiversity.org.au/instance/afd/70792326	https://id.biodiversity.org.au/instance/afd/70792319
Cheilanthes sieberi	:cheilanthes-sieberi	species match	https://id.biodiversity.org.au/instance/apni/51445926	https://id.biodiversity.org.au/instance/apni/51445925	https://id.biodiversity.org.au/instance/apni/51445794
Chelodina longicollis	:chelodina-longicollis	species match	https://id.biodiversity.org.au/instance/afd/70822374	https://id.biodiversity.org.au/instance/afd/70822374	https://id.biodiversity.org.au/instance/afd/70822368
Chenonetta jubata	:chenonetta-jubata	species match	https://id.biodiversity.org.au/instance/afd/70864121	https://id.biodiversity.org.au/instance/afd/70864121	https://id.biodiversity.org.au/instance/afd/70864120
Chenopodium album	:chenopodium-album	species match	https://id.biodiversity.org.au/instance/apni/602934	https://id.biodiversity.org.au/instance/apni/602934	https://id.biodiversity.org.au/instance/apni/781224
Christinus marmoratus	:christinus-marmoratus	species match	https://id.biodiversity.org.au/instance/afd/70874278	https://id.biodiversity.org.au/instance/afd/70874278	https://id.biodiversity.org.au/instance/afd/70874275
Chrysocephalum apiculatum	:chrysocephalum-apiculatum	species match	https://id.biodiversity.org.au/instance/apni/51742730	https://id.biodiversity.org.au/instance/apni/51742730	https://id.biodiversity.org.au/instance/apni/734742
Chrysodeixis argentifera	:chrysodeixis-argentifera	species match	https://id.biodiversity.org.au/instance/afd/70863131	https://id.biodiversity.org.au/instance/afd/70863131	https://id.biodiversity.org.au/instance/afd/70863129
Cirsium vulgare	:cirsium-vulgare	species match	https://id.biodiversity.org.au/instance/apni/51268341	https://id.biodiversity.org.au/instance/apni/51268339	https://id.biodiversity.org.au/instance/apni/699494
Clematis leptophylla	:clematis-leptophylla	species match	https://id.biodiversity.org.au/instance/apni/611072	https://id.biodiversity.org.au/instance/apni/611072	https://id.biodiversity.org.au/instance/apni/611038
Climacteris picumnus victoriae	:climacteris-picumnus-victoriae	subspecies match	https://id.biodiversity.org.au/instance/afd/70864810	https://id.biodiversity.org.au/instance/afd/70864810	https://id.biodiversity.org.au/instance/afd/70864807
Columba livia	:columba-livia	species match	https://id.biodiversity.org.au/instance/afd/70866544	https://id.biodiversity.org.au/instance/afd/70866544	https://id.biodiversity.org.au/instance/afd/70866542
Conium maculatum	:conium-maculatum	species match	https://id.biodiversity.org.au/instance/apni/664355	https://id.biodiversity.org.au/instance/apni/664355	https://id.biodiversity.org.au/instance/apni/750394
Cooraboorama canberrae	:cooraboorama-canberrae	species match	https://id.biodiversity.org.au/instance/afd/70869717	https://id.biodiversity.org.au/instance/afd/70869717	https://id.biodiversity.org.au/instance/afd/70869716
Coracina novaehollandiae	:coracina-novaehollandiae	species match	https://id.biodiversity.org.au/instance/afd/70864773	https://id.biodiversity.org.au/instance/afd/70864773	https://id.biodiversity.org.au/instance/afd/70864771
Corcorax melanorhamphos	:corcorax-melanorhamphos	species match	https://id.biodiversity.org.au/instance/afd/70865084	https://id.biodiversity.org.au/instance/afd/70865084	https://id.biodiversity.org.au/instance/afd/70865083
Corunastylis clivicola	:corunastylis-clivicola	species match	https://id.biodiversity.org.au/instance/apni/51441035	https://id.biodiversity.org.au/instance/apni/51441035	https://id.biodiversity.org.au/instance/apni/51440952
Corvus coronoides	:corvus-coronoides	species match	https://id.biodiversity.org.au/instance/afd/72376816	https://id.biodiversity.org.au/instance/afd/70865096	https://id.biodiversity.org.au/instance/afd/70865093
Corybas hispidus	:corybas-hispidus	species match	https://id.biodiversity.org.au/instance/apni/51400976	https://id.biodiversity.org.au/instance/apni/51400976	https://id.biodiversity.org.au/instance/apni/51400902
Cotoneaster glaucophyllus	:cotoneaster-glaucophyllus	species match	https://id.biodiversity.org.au/instance/apni/51446336	https://id.biodiversity.org.au/instance/apni/51446336	https://id.biodiversity.org.au/instance/apni/646326
Cracticus torquatus	:cracticus-torquatus	species match	https://id.biodiversity.org.au/instance/afd/70864490	https://id.biodiversity.org.au/instance/afd/70864490	https://id.biodiversity.org.au/instance/afd/70864483
Crinia parinsignifera	:crinia-parinsignifera	species match	https://id.biodiversity.org.au/instance/afd/72598696	https://id.biodiversity.org.au/instance/afd/72598696	https://id.biodiversity.org.au/instance/afd/70822546
Crinia signifera	:crinia-signifera	species match	https://id.biodiversity.org.au/instance/afd/72598784	https://id.biodiversity.org.au/instance/afd/72598784	https://id.biodiversity.org.au/instance/afd/70822546
Ctenotus taeniolatus	:ctenotus-taeniolatus	species match	https://id.biodiversity.org.au/instance/afd/70838577	https://id.biodiversity.org.au/instance/afd/70838577	https://id.biodiversity.org.au/instance/afd/70838332
Cygnus atratus	:cygnus-atratus	species match	https://id.biodiversity.org.au/instance/afd/72598461	https://id.biodiversity.org.au/instance/afd/72598461	https://id.biodiversity.org.au/instance/afd/72598575
Cyperus sanguinolentus	:cyperus-sanguinolentus	species match	https://id.biodiversity.org.au/instance/apni/772890	https://id.biodiversity.org.au/instance/apni/772890	https://id.biodiversity.org.au/instance/apni/51434363
Dacelo novaeguineae	:dacelo-novaeguineae	species match	https://id.biodiversity.org.au/instance/afd/70860741	https://id.biodiversity.org.au/instance/afd/70860741	https://id.biodiversity.org.au/instance/afd/70860735
Dama dama	:dama-dama	species match	https://id.biodiversity.org.au/instance/afd/70793751	https://id.biodiversity.org.au/instance/afd/70793751	https://id.biodiversity.org.au/instance/afd/70793750
Dampiera fusca	:dampiera-fusca	species match	https://id.biodiversity.org.au/instance/apni/608466	https://id.biodiversity.org.au/instance/apni/608466	https://id.biodiversity.org.au/instance/apni/7389351
Daucus glochidiatus	:daucus-glochidiatus	species match	https://id.biodiversity.org.au/instance/apni/757255	https://id.biodiversity.org.au/instance/apni/757255	https://id.biodiversity.org.au/instance/apni/750401
Delma impar	:delma-impar	species match	https://id.biodiversity.org.au/instance/afd/70824148	https://id.biodiversity.org.au/instance/afd/70824148	https://id.biodiversity.org.au/instance/afd/70824104
Dichondra repens	:dichondra-repens	species match	https://id.biodiversity.org.au/instance/apni/573362	https://id.biodiversity.org.au/instance/apni/573362	https://id.biodiversity.org.au/instance/apni/638021
Dimorphotheca ecklonis	:dimorphotheca-ecklonis	species match	https://id.biodiversity.org.au/instance/apni/697005	https://id.biodiversity.org.au/instance/apni/697005	https://id.biodiversity.org.au/instance/apni/697003
Dipodium roseum	:dipodium-roseum	species match	https://id.biodiversity.org.au/instance/apni/51403364	https://id.biodiversity.org.au/instance/apni/51403364	https://id.biodiversity.org.au/instance/apni/51403339
Diporiphora nobbi	:diporiphora-nobbi	species match	https://id.biodiversity.org.au/instance/afd/70902619	https://id.biodiversity.org.au/instance/afd/70902619	https://id.biodiversity.org.au/instance/afd/70902144
Discaria pubescens	:discaria-pubescens	species match	https://id.biodiversity.org.au/instance/apni/909745	https://id.biodiversity.org.au/instance/apni/696300	https://id.biodiversity.org.au/instance/apni/696297
Diuris chryseopsis	:diuris-chryseopsis	species match	https://id.biodiversity.org.au/instance/apni/51403899	https://id.biodiversity.org.au/instance/apni/51403899	https://id.biodiversity.org.au/instance/apni/51403842
Diuris pardina	:diuris-pardina	species match	https://id.biodiversity.org.au/instance/apni/51404033	https://id.biodiversity.org.au/instance/apni/51404033	https://id.biodiversity.org.au/instance/apni/51403842
Diuris sulphurea	:diuris-sulphurea	species match	https://id.biodiversity.org.au/instance/apni/51404119	https://id.biodiversity.org.au/instance/apni/51404119	https://id.biodiversity.org.au/instance/apni/51403842
Dodonaea viscosa	:dodonaea-viscosa	species match	https://id.biodiversity.org.au/instance/apni/51447269	https://id.biodiversity.org.au/instance/apni/51447269	https://id.biodiversity.org.au/instance/apni/735241
Drosera sp.	:drosera-sp	genus match	https://id.biodiversity.org.au/instance/apni/517136	https://id.biodiversity.org.au/instance/apni/517136	null
Ectropis sp.	:ectropis-sp	genus match	https://id.biodiversity.org.au/instance/afd/72364506	https://id.biodiversity.org.au/instance/afd/70855732	null
Einadia nutans subsp nutans	:einadia-nutans-subsp-nutans	subspecies match	https://id.biodiversity.org.au/instance/apni/4346415	https://id.biodiversity.org.au/instance/apni/4346415	https://id.biodiversity.org.au/instance/apni/781234
Elanus axillaris	:elanus-axillaris	species match	https://id.biodiversity.org.au/instance/afd/70874470	https://id.biodiversity.org.au/instance/afd/70874470	https://id.biodiversity.org.au/instance/afd/70874469
Eleocharis sphacelata	:eleocharis-sphacelata	species match	https://id.biodiversity.org.au/instance/apni/51434436	https://id.biodiversity.org.au/instance/apni/51434436	https://id.biodiversity.org.au/instance/apni/703878
Eleusine tristachya	:eleusine-tristachya	species match	https://id.biodiversity.org.au/instance/apni/638254	https://id.biodiversity.org.au/instance/apni/638254	https://id.biodiversity.org.au/instance/apni/5487085
Eolophus roseicapilla	:eolophus-roseicapilla	species match	https://id.biodiversity.org.au/instance/afd/70860802	https://id.biodiversity.org.au/instance/afd/70860802	https://id.biodiversity.org.au/instance/afd/70860801
Erigeron sumatrensis	:erigeron-sumatrensis	species match	https://id.biodiversity.org.au/instance/apni/51432107	https://id.biodiversity.org.au/instance/apni/51432107	https://id.biodiversity.org.au/instance/apni/6982479
Eriochilus cucullatus	:eriochilus-cucullatus	species match	https://id.biodiversity.org.au/instance/apni/51404886	https://id.biodiversity.org.au/instance/apni/51404886	https://id.biodiversity.org.au/instance/apni/51404885
Eryngium ovinum	:eryngium-ovinum	species match	https://id.biodiversity.org.au/instance/apni/51736286	https://id.biodiversity.org.au/instance/apni/51736286	https://id.biodiversity.org.au/instance/apni/750408
Euastacus sp.	:euastacus-sp	genus match	https://id.biodiversity.org.au/instance/afd/70946949	https://id.biodiversity.org.au/instance/afd/70946949	null
Eucalyptus bridgesiana	:eucalyptus-bridgesiana	species match	https://id.biodiversity.org.au/instance/apni/657735	https://id.biodiversity.org.au/instance/apni/657735	https://id.biodiversity.org.au/instance/apni/643734
Eucalyptus globulus	:eucalyptus-globulus	species match	https://id.biodiversity.org.au/instance/apni/612948	https://id.biodiversity.org.au/instance/apni/612948	https://id.biodiversity.org.au/instance/apni/643734
Eucalyptus melliodora	:eucalyptus-melliodora	species match	https://id.biodiversity.org.au/instance/apni/613405	https://id.biodiversity.org.au/instance/apni/613405	https://id.biodiversity.org.au/instance/apni/643734
Eucalyptus pauciflora	:eucalyptus-pauciflora	species match	https://id.biodiversity.org.au/instance/apni/613606	https://id.biodiversity.org.au/instance/apni/613606	https://id.biodiversity.org.au/instance/apni/643734
Eucalyptus polyanthemos	:eucalyptus-polyanthemos	species match	https://id.biodiversity.org.au/instance/apni/613680	https://id.biodiversity.org.au/instance/apni/613680	https://id.biodiversity.org.au/instance/apni/643734
Eulamprus heatwolei	:eulamprus-heatwolei	species match	https://id.biodiversity.org.au/instance/afd/72464636	https://id.biodiversity.org.au/instance/afd/70838630	https://id.biodiversity.org.au/instance/afd/70838629
Falco berigora	:falco-berigora	species match	https://id.biodiversity.org.au/instance/afd/72428425	https://id.biodiversity.org.au/instance/afd/72275009	https://id.biodiversity.org.au/instance/afd/70861828
Felis catus	:felis-catus	species match	https://id.biodiversity.org.au/instance/afd/70793480	https://id.biodiversity.org.au/instance/afd/70793480	https://id.biodiversity.org.au/instance/afd/70793479
Ficus carica	:ficus-carica	species match	https://id.biodiversity.org.au/instance/apni/597118	https://id.biodiversity.org.au/instance/apni/597118	https://id.biodiversity.org.au/instance/apni/571763
Gadopsis bispinosa	:gadopsis-bispinosa	species match	https://id.biodiversity.org.au/instance/afd/72599270	https://id.biodiversity.org.au/instance/afd/72599270	https://id.biodiversity.org.au/instance/afd/70801024
Gentianella polysperes	:gentianella-polysperes	species match	https://id.biodiversity.org.au/instance/apni/51301076	https://id.biodiversity.org.au/instance/apni/51301076	https://id.biodiversity.org.au/instance/apni/51301028
Glossodia major	:glossodia-major	species match	https://id.biodiversity.org.au/instance/apni/51405875	https://id.biodiversity.org.au/instance/apni/51405875	https://id.biodiversity.org.au/instance/apni/51405873
Goodenia hederacea subsp alpestris	:goodenia-hederacea-subsp-alpestris	subspecies match	https://id.biodiversity.org.au/instance/apni/612524	https://id.biodiversity.org.au/instance/apni/612524	https://id.biodiversity.org.au/instance/apni/612515
Goodenia pinnatifida	:goodenia-pinnatifida	species match	https://id.biodiversity.org.au/instance/apni/613018	https://id.biodiversity.org.au/instance/apni/613018	https://id.biodiversity.org.au/instance/apni/51772004
Grevillea arenaria subsp arenaria	:grevillea-arenaria-subsp-arenaria	subspecies match	https://id.biodiversity.org.au/instance/apni/51445352	https://id.biodiversity.org.au/instance/apni/51445352	https://id.biodiversity.org.au/instance/apni/559424
Hackelia suaveolens	:hackelia-suaveolens	species match	https://id.biodiversity.org.au/instance/apni/9393340	https://id.biodiversity.org.au/instance/apni/9393340	https://id.biodiversity.org.au/instance/apni/51432691
Haliaeetus leucogaster	:haliaeetus-leucogaster	species match	https://id.biodiversity.org.au/instance/afd/70874476	https://id.biodiversity.org.au/instance/afd/70874476	https://id.biodiversity.org.au/instance/afd/70874474
Halone sejuncta	:halone-sejuncta	species match	https://id.biodiversity.org.au/instance/afd/70858375	https://id.biodiversity.org.au/instance/afd/70858375	https://id.biodiversity.org.au/instance/afd/70858366
Hemicordulia australiae	:hemicordulia-australiae	species match	https://id.biodiversity.org.au/instance/afd/70940392	https://id.biodiversity.org.au/instance/afd/70940392	https://id.biodiversity.org.au/instance/afd/70940391
Hemiergis talbingoensis	:hemiergis-talbingoensis	species match	https://id.biodiversity.org.au/instance/afd/70848235	https://id.biodiversity.org.au/instance/afd/70848235	https://id.biodiversity.org.au/instance/afd/70860362
Heteronympha paradelpha	:heteronympha-paradelpha	species match	https://id.biodiversity.org.au/instance/afd/70930897	https://id.biodiversity.org.au/instance/afd/70930897	https://id.biodiversity.org.au/instance/afd/70930881
Hydrocotyle sibthorpioides	:hydrocotyle-sibthorpioides	species match	https://id.biodiversity.org.au/instance/apni/51736909	https://id.biodiversity.org.au/instance/apni/51736909	https://id.biodiversity.org.au/instance/apni/51736891
Hydromys chrysogaster	:hydromys-chrysogaster	species match	https://id.biodiversity.org.au/instance/afd/70793659	https://id.biodiversity.org.au/instance/afd/70793659	https://id.biodiversity.org.au/instance/afd/70793658
Hylaeus honestus	:hylaeus-honestus	species match	https://id.biodiversity.org.au/instance/afd/70931075	https://id.biodiversity.org.au/instance/afd/70931075	https://id.biodiversity.org.au/instance/afd/70931062
Hypericum gramineum	:hypericum-gramineum	species match	https://id.biodiversity.org.au/instance/apni/51433716	https://id.biodiversity.org.au/instance/apni/51433716	https://id.biodiversity.org.au/instance/apni/51270586
Hypochaeris glabra	:hypochaeris-glabra	species match	https://id.biodiversity.org.au/instance/apni/722977	https://id.biodiversity.org.au/instance/apni/722977	https://id.biodiversity.org.au/instance/apni/722961
Isotoma fluviatilis subsp australis	:isotoma-fluviatilis-subsp-australis	subspecies match	https://id.biodiversity.org.au/instance/apni/529965	https://id.biodiversity.org.au/instance/apni/529965	https://id.biodiversity.org.au/instance/apni/662645
Juncus fockei	:juncus-fockei	species match	https://id.biodiversity.org.au/instance/apni/588434	https://id.biodiversity.org.au/instance/apni/588434	https://id.biodiversity.org.au/instance/apni/661151
Juncus sp.	:juncus-sp	genus match	https://id.biodiversity.org.au/instance/apni/661151	https://id.biodiversity.org.au/instance/apni/661151	null
Junonia villida	:junonia-villida	species match	https://id.biodiversity.org.au/instance/afd/72402808	https://id.biodiversity.org.au/instance/afd/70930166	https://id.biodiversity.org.au/instance/afd/70930156
Lampropholis delicata	:lampropholis-delicata	species match	https://id.biodiversity.org.au/instance/afd/70873464	https://id.biodiversity.org.au/instance/afd/70873464	https://id.biodiversity.org.au/instance/afd/70873457
Lampropholis sp.	:lampropholis-sp	genus match	https://id.biodiversity.org.au/instance/afd/70873457	https://id.biodiversity.org.au/instance/afd/70873457	null
Lasioglossum peraustrale	:lasioglossum-peraustrale	species match	https://id.biodiversity.org.au/instance/afd/72575428	https://id.biodiversity.org.au/instance/afd/72575428	https://id.biodiversity.org.au/instance/afd/70807426
Leptorhynchos squamatus subsp squamatus	:leptorhynchos-squamatus-subsp-squamatus	subspecies match	https://id.biodiversity.org.au/instance/apni/737832	https://id.biodiversity.org.au/instance/apni/737832	https://id.biodiversity.org.au/instance/apni/737821
Leucanthemum vulgare	:leucanthemum-vulgare	species match	https://id.biodiversity.org.au/instance/apni/615950	https://id.biodiversity.org.au/instance/apni/615950	https://id.biodiversity.org.au/instance/apni/695982
Leucochrysum albicans subsp tricolor	:leucochrysum-albicans-subsp-tricolor	subspecies match	https://id.biodiversity.org.au/instance/apni/51268597	https://id.biodiversity.org.au/instance/apni/51268597	https://id.biodiversity.org.au/instance/apni/51286035
Leucopogon fletcheri subsp brevisepalus	:leucopogon-fletcheri-subsp-brevisepalus	subspecies match	https://id.biodiversity.org.au/instance/apni/51767151	https://id.biodiversity.org.au/instance/apni/51767150	https://id.biodiversity.org.au/instance/apni/51767147
Leucopogon virgatus	:leucopogon-virgatus	species match	https://id.biodiversity.org.au/instance/apni/582807	https://id.biodiversity.org.au/instance/apni/582807	https://id.biodiversity.org.au/instance/apni/51766990
Ligustrum sp.	:ligustrum-sp	genus match	https://id.biodiversity.org.au/instance/apni/707208	https://id.biodiversity.org.au/instance/apni/707208	null
Lilaeopsis polyantha	:lilaeopsis-polyantha	species match	https://id.biodiversity.org.au/instance/apni/6911622	https://id.biodiversity.org.au/instance/apni/6911621	https://id.biodiversity.org.au/instance/apni/6905302
Limnodynastes dumerilii	:limnodynastes-dumerilii	species match	https://id.biodiversity.org.au/instance/afd/72600712	https://id.biodiversity.org.au/instance/afd/72598102	https://id.biodiversity.org.au/instance/afd/70813842
Limnodynastes peronii	:limnodynastes-peronii	species match	https://id.biodiversity.org.au/instance/afd/70813855	https://id.biodiversity.org.au/instance/afd/70813855	https://id.biodiversity.org.au/instance/afd/70813842
Limnodynastes tasmaniensis	:limnodynastes-tasmaniensis	species match	https://id.biodiversity.org.au/instance/afd/70813857	https://id.biodiversity.org.au/instance/afd/70813857	https://id.biodiversity.org.au/instance/afd/70813842
Litoria peronii	:litoria-peronii	species match	https://id.biodiversity.org.au/instance/afd/72599310	https://id.biodiversity.org.au/instance/afd/72599310	https://id.biodiversity.org.au/instance/afd/70880171
Litoria verreauxii verreauxii	:litoria-verreauxii-verreauxii	subspecies match	https://id.biodiversity.org.au/instance/afd/70880677	https://id.biodiversity.org.au/instance/afd/70880677	https://id.biodiversity.org.au/instance/afd/70880675
Lobelia browniana	:lobelia-browniana	species match	https://id.biodiversity.org.au/instance/apni/662861	https://id.biodiversity.org.au/instance/apni/662861	https://id.biodiversity.org.au/instance/apni/51751975
Lobelia simplicicaulis	:lobelia-simplicicaulis	species match	https://id.biodiversity.org.au/instance/apni/662990	https://id.biodiversity.org.au/instance/apni/662990	https://id.biodiversity.org.au/instance/apni/51751975
Lomandra filiformis subsp coriacea	:lomandra-filiformis-subsp-coriacea	subspecies match	https://id.biodiversity.org.au/instance/apni/612033	https://id.biodiversity.org.au/instance/apni/612033	https://id.biodiversity.org.au/instance/apni/612032
Lotus australis	:lotus-australis	species match	https://id.biodiversity.org.au/instance/apni/51436199	https://id.biodiversity.org.au/instance/apni/51436199	https://id.biodiversity.org.au/instance/apni/51770038
Lucia limbaria	:lucia-limbaria	species match	https://id.biodiversity.org.au/instance/afd/70932688	https://id.biodiversity.org.au/instance/afd/70932688	https://id.biodiversity.org.au/instance/afd/70932687
Luzula densiflora	:luzula-densiflora	species match	https://id.biodiversity.org.au/instance/apni/663210	https://id.biodiversity.org.au/instance/apni/663210	https://id.biodiversity.org.au/instance/apni/662916
Lythrum hyssopifolia	:lythrum-hyssopifolia	species match	https://id.biodiversity.org.au/instance/apni/51299590	https://id.biodiversity.org.au/instance/apni/51299590	https://id.biodiversity.org.au/instance/apni/51775985
Malacorhynchus membranaceus	:malacorhynchus-membranaceus	species match	https://id.biodiversity.org.au/instance/afd/70874001	https://id.biodiversity.org.au/instance/afd/70874001	https://id.biodiversity.org.au/instance/afd/70874000
Manorina melanocephala	:manorina-melanocephala	species match	https://id.biodiversity.org.au/instance/afd/70865868	https://id.biodiversity.org.au/instance/afd/70865868	https://id.biodiversity.org.au/instance/afd/70865857
Maratus vespertilio	:maratus-vespertilio	species match	https://id.biodiversity.org.au/instance/afd/70880577	https://id.biodiversity.org.au/instance/afd/70880577	https://id.biodiversity.org.au/instance/afd/70880014
Megachile lucidiventris	:megachile-lucidiventris	species match	https://id.biodiversity.org.au/instance/afd/70922944	https://id.biodiversity.org.au/instance/afd/70922944	https://id.biodiversity.org.au/instance/afd/70921794
Megalyra sp.	:megalyra-sp	genus match	https://id.biodiversity.org.au/instance/afd/70785062	https://id.biodiversity.org.au/instance/afd/70785062	null
Melanodes anthracitaria	:melanodes-anthracitaria	species match	https://id.biodiversity.org.au/instance/afd/72394733	https://id.biodiversity.org.au/instance/afd/70855541	https://id.biodiversity.org.au/instance/afd/70855493
Microsorum pustulatum subsp pustulatum	:microsorum-pustulatum-subsp-pustulatum	subspecies match	https://id.biodiversity.org.au/instance/apni/51445057	https://id.biodiversity.org.au/instance/apni/51445055	https://id.biodiversity.org.au/instance/apni/51445026
Microtis sp.	:microtis-sp	genus match	https://id.biodiversity.org.au/instance/afd/70916094	https://id.biodiversity.org.au/instance/afd/70916094	null
Mus musculus	:mus-musculus	species match	https://id.biodiversity.org.au/instance/afd/70793957	https://id.biodiversity.org.au/instance/afd/70793957	https://id.biodiversity.org.au/instance/afd/70793956
Myiagra rubecula	:myiagra-rubecula	species match	https://id.biodiversity.org.au/instance/afd/70864148	https://id.biodiversity.org.au/instance/afd/70864148	https://id.biodiversity.org.au/instance/afd/70863899
Nassella neesiana	:nassella-neesiana	species match	https://id.biodiversity.org.au/instance/apni/645300	https://id.biodiversity.org.au/instance/apni/645300	https://id.biodiversity.org.au/instance/apni/647051
Nassella trichotoma	:nassella-trichotoma	species match	https://id.biodiversity.org.au/instance/apni/557927	https://id.biodiversity.org.au/instance/apni/557927	https://id.biodiversity.org.au/instance/apni/647051
Notamacropus rufogriseus	:notamacropus-rufogriseus	species match	https://id.biodiversity.org.au/instance/afd/70821462	https://id.biodiversity.org.au/instance/afd/70821462	https://id.biodiversity.org.au/instance/afd/70821447
Nyctemera amicus	:nyctemera-amicus	species match	https://id.biodiversity.org.au/instance/afd/70857657	https://id.biodiversity.org.au/instance/afd/70857657	https://id.biodiversity.org.au/instance/afd/70857656
Nycticorax caledonicus	:nycticorax-caledonicus	species match	https://id.biodiversity.org.au/instance/afd/70866183	https://id.biodiversity.org.au/instance/afd/70866183	https://id.biodiversity.org.au/instance/afd/70866182
Ocybadistes walkeri	:ocybadistes-walkeri	species match	https://id.biodiversity.org.au/instance/afd/70929000	https://id.biodiversity.org.au/instance/afd/70929000	https://id.biodiversity.org.au/instance/afd/70928622
Olearia argophylla	:olearia-argophylla	species match	https://id.biodiversity.org.au/instance/apni/51756099	https://id.biodiversity.org.au/instance/apni/750654	https://id.biodiversity.org.au/instance/apni/51745637
Olearia lirata	:olearia-lirata	species match	https://id.biodiversity.org.au/instance/apni/781045	https://id.biodiversity.org.au/instance/apni/781045	https://id.biodiversity.org.au/instance/apni/51745637
Olearia phlogopappa subsp serrata	:olearia-phlogopappa-subsp-serrata	subspecies match	https://id.biodiversity.org.au/instance/apni/794411	https://id.biodiversity.org.au/instance/apni/794411	https://id.biodiversity.org.au/instance/apni/762798
Orobanche minor	:orobanche-minor	species match	https://id.biodiversity.org.au/instance/apni/645214	https://id.biodiversity.org.au/instance/apni/645214	https://id.biodiversity.org.au/instance/apni/584302
Oryctolagus cuniculus	:oryctolagus-cuniculus	species match	https://id.biodiversity.org.au/instance/afd/70793532	https://id.biodiversity.org.au/instance/afd/70793532	https://id.biodiversity.org.au/instance/afd/70793531
Osphranter robustus	:osphranter-robustus	species match	https://id.biodiversity.org.au/instance/afd/70813229	https://id.biodiversity.org.au/instance/afd/70813229	https://id.biodiversity.org.au/instance/afd/70813226
Oxalis thompsoniae	:oxalis-thompsoniae	species match	https://id.biodiversity.org.au/instance/apni/663328	https://id.biodiversity.org.au/instance/apni/663328	https://id.biodiversity.org.au/instance/apni/663310
Oxylobium ellipticum	:oxylobium-ellipticum	species match	https://id.biodiversity.org.au/instance/apni/749271	https://id.biodiversity.org.au/instance/apni/749271	https://id.biodiversity.org.au/instance/apni/7241357
Oxyura australis	:oxyura-australis	species match	https://id.biodiversity.org.au/instance/afd/70864411	https://id.biodiversity.org.au/instance/afd/70864411	https://id.biodiversity.org.au/instance/afd/70864410
Papyrius nitidus	:papyrius-nitidus	species match	https://id.biodiversity.org.au/instance/afd/70927170	https://id.biodiversity.org.au/instance/afd/70927170	https://id.biodiversity.org.au/instance/afd/70927168
Paralucia aurifera	:paralucia-aurifera	species match	https://id.biodiversity.org.au/instance/afd/70932690	https://id.biodiversity.org.au/instance/afd/70932690	https://id.biodiversity.org.au/instance/afd/70932689
Pardalotus punctatus	:pardalotus-punctatus	species match	https://id.biodiversity.org.au/instance/afd/70861284	https://id.biodiversity.org.au/instance/afd/70861284	https://id.biodiversity.org.au/instance/afd/70861269
Passer domesticus	:passer-domesticus	species match	https://id.biodiversity.org.au/instance/afd/70865532	https://id.biodiversity.org.au/instance/afd/70865532	https://id.biodiversity.org.au/instance/afd/70865530
Pelargonium australe	:pelargonium-australe	species match	https://id.biodiversity.org.au/instance/apni/663277	https://id.biodiversity.org.au/instance/apni/663277	https://id.biodiversity.org.au/instance/apni/663275
Pernattia pusilla	:pernattia-pusilla	species match	https://id.biodiversity.org.au/instance/afd/70786428	https://id.biodiversity.org.au/instance/afd/70786428	https://id.biodiversity.org.au/instance/afd/70786425
Petroica phoenicea	:petroica-phoenicea	species match	https://id.biodiversity.org.au/instance/afd/72412106	https://id.biodiversity.org.au/instance/afd/70861900	https://id.biodiversity.org.au/instance/afd/70861892
Pieris rapae	:pieris-rapae	species match	https://id.biodiversity.org.au/instance/afd/70930229	https://id.biodiversity.org.au/instance/afd/70930229	https://id.biodiversity.org.au/instance/afd/70930228
Pimelea linifolia	:pimelea-linifolia	species match	https://id.biodiversity.org.au/instance/apni/600848	https://id.biodiversity.org.au/instance/apni/600848	https://id.biodiversity.org.au/instance/apni/51294501
Pinus radiata	:pinus-radiata	species match	https://id.biodiversity.org.au/instance/apni/571498	https://id.biodiversity.org.au/instance/apni/571498	https://id.biodiversity.org.au/instance/apni/571486
Platycercus eximius	:platycercus-eximius	species match	https://id.biodiversity.org.au/instance/afd/70860828	https://id.biodiversity.org.au/instance/afd/70860828	https://id.biodiversity.org.au/instance/afd/70860815
Podargus strigoides	:podargus-strigoides	species match	https://id.biodiversity.org.au/instance/afd/70864703	https://id.biodiversity.org.au/instance/afd/70864703	https://id.biodiversity.org.au/instance/afd/70864457
Pogona barbata	:pogona-barbata	species match	https://id.biodiversity.org.au/instance/afd/72346919	https://id.biodiversity.org.au/instance/afd/72346919	https://id.biodiversity.org.au/instance/afd/72346918
Polytelis swainsonii	:polytelis-swainsonii	species match	https://id.biodiversity.org.au/instance/afd/70861947	https://id.biodiversity.org.au/instance/afd/70861947	https://id.biodiversity.org.au/instance/afd/70861942
Porphyrio melanotus	:porphyrio-melanotus	species match	https://id.biodiversity.org.au/instance/afd/72465082	https://id.biodiversity.org.au/instance/afd/72275013	https://id.biodiversity.org.au/instance/afd/70862918
Prasophyllum innubum	:prasophyllum-innubum	species match	https://id.biodiversity.org.au/instance/apni/51409459	https://id.biodiversity.org.au/instance/apni/51409459	https://id.biodiversity.org.au/instance/apni/51409327
Prasophyllum tadgellianum	:prasophyllum-tadgellianum	species match	https://id.biodiversity.org.au/instance/apni/51409651	https://id.biodiversity.org.au/instance/apni/51409651	https://id.biodiversity.org.au/instance/apni/51409327
Psephotus haematonotus	:psephotus-haematonotus	species match	https://id.biodiversity.org.au/instance/afd/70861331	https://id.biodiversity.org.au/instance/afd/70861331	https://id.biodiversity.org.au/instance/afd/72536128
Pseudonaja textilis	:pseudonaja-textilis	species match	https://id.biodiversity.org.au/instance/afd/70924553	https://id.biodiversity.org.au/instance/afd/70924553	https://id.biodiversity.org.au/instance/afd/70924541
Pseudophryne pengilleyi	:pseudophryne-pengilleyi	species match	https://id.biodiversity.org.au/instance/afd/70822616	https://id.biodiversity.org.au/instance/afd/70822616	https://id.biodiversity.org.au/instance/afd/70822604
Pterostylis aciculiformis	:pterostylis-aciculiformis	species match	https://id.biodiversity.org.au/instance/apni/51411040	https://id.biodiversity.org.au/instance/apni/51411039	https://id.biodiversity.org.au/instance/apni/51411015
Pterostylis ampliata	:pterostylis-ampliata	species match	https://id.biodiversity.org.au/name/apni/51346944	https://id.biodiversity.org.au/name/apni/51346944	https://id.biodiversity.org.au/name/apni/51346944
Pterostylis curta	:pterostylis-curta	species match	https://id.biodiversity.org.au/instance/apni/51411223	https://id.biodiversity.org.au/instance/apni/51411223	https://id.biodiversity.org.au/instance/apni/51411015
Pterostylis cycnocephala	:pterostylis-cycnocephala	species match	https://id.biodiversity.org.au/instance/apni/51411227	https://id.biodiversity.org.au/instance/apni/51411227	https://id.biodiversity.org.au/instance/apni/51411015
Pterostylis decurva	:pterostylis-decurva	species match	https://id.biodiversity.org.au/instance/apni/51411239	https://id.biodiversity.org.au/instance/apni/51411239	https://id.biodiversity.org.au/instance/apni/51411015
Pterostylis jonesii	:pterostylis-jonesii	species match	https://id.biodiversity.org.au/instance/apni/51411382	https://id.biodiversity.org.au/instance/apni/51411382	https://id.biodiversity.org.au/instance/apni/51411015
Pterostylis rubescens	:pterostylis-rubescens	species match	https://id.biodiversity.org.au/instance/apni/51411675	https://id.biodiversity.org.au/instance/apni/51411675	https://id.biodiversity.org.au/instance/apni/51411015
Pterostylis sp.	:pterostylis-sp	genus match	https://id.biodiversity.org.au/instance/apni/51411015	https://id.biodiversity.org.au/instance/apni/51411015	null
Pyracantha sp.	:pyracantha-sp	genus match	https://id.biodiversity.org.au/instance/apni/646437	https://id.biodiversity.org.au/instance/apni/646437	null
Pyrrholaemus sagittatus	:pyrrholaemus-sagittatus	species match	https://id.biodiversity.org.au/instance/afd/70860354	https://id.biodiversity.org.au/instance/afd/70860354	https://id.biodiversity.org.au/instance/afd/70856076
Rattus rattus	:rattus-rattus	species match	https://id.biodiversity.org.au/instance/afd/70793644	https://id.biodiversity.org.au/instance/afd/70793644	https://id.biodiversity.org.au/instance/afd/70793626
Rhipidura albiscapa	:rhipidura-albiscapa	species match	https://id.biodiversity.org.au/instance/afd/72449909	https://id.biodiversity.org.au/instance/afd/70865142	https://id.biodiversity.org.au/instance/afd/70865132
Rhipidura leucophrys	:rhipidura-leucophrys	species match	https://id.biodiversity.org.au/instance/afd/70865151	https://id.biodiversity.org.au/instance/afd/70865151	https://id.biodiversity.org.au/instance/afd/70865132
Rosa canina	:rosa-canina	species match	https://id.biodiversity.org.au/instance/apni/646470	https://id.biodiversity.org.au/instance/apni/646470	https://id.biodiversity.org.au/instance/apni/646471
Rosa sp.	:rosa-sp	genus match	https://id.biodiversity.org.au/instance/apni/646471	https://id.biodiversity.org.au/instance/apni/646471	null
Rytidosperma carphoides	:rytidosperma-carphoides	species match	https://id.biodiversity.org.au/instance/apni/708549	https://id.biodiversity.org.au/instance/apni/708549	https://id.biodiversity.org.au/instance/apni/708543
Rytidosperma oreophilum	:rytidosperma-oreophilum	species match	https://id.biodiversity.org.au/instance/apni/709088	https://id.biodiversity.org.au/instance/apni/709088	https://id.biodiversity.org.au/instance/apni/708543
Rytidosperma pallidum	:rytidosperma-pallidum	species match	https://id.biodiversity.org.au/instance/apni/921721	https://id.biodiversity.org.au/instance/apni/709089	https://id.biodiversity.org.au/instance/apni/708543
Rytidosperma sp.	:rytidosperma-sp	genus match	https://id.biodiversity.org.au/instance/apni/708543	https://id.biodiversity.org.au/instance/apni/708543	null
Scleranthus diander	:scleranthus-diander	species match	https://id.biodiversity.org.au/instance/apni/646076	https://id.biodiversity.org.au/instance/apni/646076	https://id.biodiversity.org.au/instance/apni/646067
Senecio bathurstianus	:senecio-bathurstianus	species match	https://id.biodiversity.org.au/instance/apni/742925	https://id.biodiversity.org.au/instance/apni/742925	https://id.biodiversity.org.au/instance/apni/51747467
Silene gallica var. gallica	:silene-gallica-var-gallica	variety match	https://id.biodiversity.org.au/instance/apni/781197	https://id.biodiversity.org.au/instance/apni/781197	https://id.biodiversity.org.au/instance/apni/646931
Solanum cinereum	:solanum-cinereum	species match	https://id.biodiversity.org.au/instance/apni/577684	https://id.biodiversity.org.au/instance/apni/577684	https://id.biodiversity.org.au/instance/apni/603734
Spatula rhynchotis	:spatula-rhynchotis	species match	https://id.biodiversity.org.au/instance/afd/72275031	https://id.biodiversity.org.au/instance/afd/72275031	https://id.biodiversity.org.au/instance/afd/72275030
Stellaria pungens	:stellaria-pungens	species match	https://id.biodiversity.org.au/instance/apni/647692	https://id.biodiversity.org.au/instance/apni/647692	https://id.biodiversity.org.au/instance/apni/647525
Stictonetta naevosa	:stictonetta-naevosa	species match	https://id.biodiversity.org.au/instance/afd/70864408	https://id.biodiversity.org.au/instance/afd/70864408	https://id.biodiversity.org.au/instance/afd/70864407
Strepera graculina	:strepera-graculina	species match	https://id.biodiversity.org.au/instance/afd/70864515	https://id.biodiversity.org.au/instance/afd/70864515	https://id.biodiversity.org.au/instance/afd/70864501
Sturnus vulgaris	:sturnus-vulgaris	species match	https://id.biodiversity.org.au/instance/afd/72369291	https://id.biodiversity.org.au/instance/afd/70864842	https://id.biodiversity.org.au/instance/afd/70864839
Stylidium armeria subsp armeria	:stylidium-armeria-subsp-armeria	subspecies match	https://id.biodiversity.org.au/instance/apni/716538	https://id.biodiversity.org.au/instance/apni/716538	https://id.biodiversity.org.au/instance/apni/716534
Swainsona recta	:swainsona-recta	species match	https://id.biodiversity.org.au/instance/apni/519417	https://id.biodiversity.org.au/instance/apni/519417	https://id.biodiversity.org.au/instance/apni/732185
Swainsona sericea	:swainsona-sericea	species match	https://id.biodiversity.org.au/instance/apni/928522	https://id.biodiversity.org.au/instance/apni/732646	https://id.biodiversity.org.au/instance/apni/732185
Synemon plana	:synemon-plana	species match	https://id.biodiversity.org.au/instance/afd/70812905	https://id.biodiversity.org.au/instance/afd/70812905	https://id.biodiversity.org.au/instance/afd/70812844
Tachyglossus aculeatus	:tachyglossus-aculeatus	species match	https://id.biodiversity.org.au/instance/afd/70792265	https://id.biodiversity.org.au/instance/afd/70792265	https://id.biodiversity.org.au/instance/afd/70792264
Tagetes erecta	:tagetes-erecta	species match	https://id.biodiversity.org.au/instance/apni/4300169	https://id.biodiversity.org.au/instance/apni/4300169	https://id.biodiversity.org.au/instance/apni/703802
Thelymitra sp.	:thelymitra-sp	genus match	https://id.biodiversity.org.au/instance/apni/51413815	https://id.biodiversity.org.au/instance/apni/51413815	null
Thysanotus patersonii	:thysanotus-patersonii	species match	https://id.biodiversity.org.au/instance/apni/51431577	https://id.biodiversity.org.au/instance/apni/51431577	https://id.biodiversity.org.au/instance/apni/51267075
Tiliqua nigrolutea	:tiliqua-nigrolutea	species match	https://id.biodiversity.org.au/instance/afd/70839287	https://id.biodiversity.org.au/instance/afd/70839287	https://id.biodiversity.org.au/instance/afd/70839284
Tiliqua rugosa	:tiliqua-rugosa	species match	https://id.biodiversity.org.au/instance/afd/70839289	https://id.biodiversity.org.au/instance/afd/70839289	https://id.biodiversity.org.au/instance/afd/70839284
Trapezites eliena	:trapezites-eliena	species match	https://id.biodiversity.org.au/instance/afd/70928125	https://id.biodiversity.org.au/instance/afd/70928125	https://id.biodiversity.org.au/instance/afd/70928122
Trapezites phigalia	:trapezites-phigalia	species match	https://id.biodiversity.org.au/instance/afd/70928137	https://id.biodiversity.org.au/instance/afd/70928137	https://id.biodiversity.org.au/instance/afd/70928122
Trichoglossus moluccanus	:trichoglossus-moluccanus	species match	https://id.biodiversity.org.au/instance/afd/72575509	https://id.biodiversity.org.au/instance/afd/72575509	https://id.biodiversity.org.au/instance/afd/70861916
Trichosurus vulpecula	:trichosurus-vulpecula	species match	https://id.biodiversity.org.au/instance/afd/70792345	https://id.biodiversity.org.au/instance/afd/70792345	https://id.biodiversity.org.au/instance/afd/70792343
Triptilodiscus pygmaeus	:triptilodiscus-pygmaeus	species match	https://id.biodiversity.org.au/instance/apni/740978	https://id.biodiversity.org.au/instance/apni/740978	https://id.biodiversity.org.au/instance/apni/740977
Tympanocryptis lineata	:tympanocryptis-lineata	species match	https://id.biodiversity.org.au/instance/afd/72576075	https://id.biodiversity.org.au/instance/afd/72576075	https://id.biodiversity.org.au/instance/afd/70903038
Uperoleia laevigata	:uperoleia-laevigata	species match	https://id.biodiversity.org.au/instance/afd/72599647	https://id.biodiversity.org.au/instance/afd/72599647	https://id.biodiversity.org.au/instance/afd/70822466
Utetheisa pulchelloides	:utetheisa-pulchelloides	species match	https://id.biodiversity.org.au/instance/afd/70857964	https://id.biodiversity.org.au/instance/afd/70857964	https://id.biodiversity.org.au/instance/afd/70857664
Vanessa kershawi	:vanessa-kershawi	species match	https://id.biodiversity.org.au/instance/afd/70929784	https://id.biodiversity.org.au/instance/afd/70929784	https://id.biodiversity.org.au/instance/afd/70929781
Varanus rosenbergi	:varanus-rosenbergi	species match	https://id.biodiversity.org.au/instance/afd/70805440	https://id.biodiversity.org.au/instance/afd/70805440	https://id.biodiversity.org.au/instance/afd/72346922
Veronica sp.	:veronica-sp	genus match	https://id.biodiversity.org.au/instance/apni/718451	https://id.biodiversity.org.au/instance/apni/718451	null
Viburnum tinus	:viburnum-tinus	species match	https://id.biodiversity.org.au/instance/apni/654154	https://id.biodiversity.org.au/instance/apni/654154	https://id.biodiversity.org.au/instance/apni/8308717
Vombatus ursinus	:vombatus-ursinus	species match	https://id.biodiversity.org.au/instance/afd/70792310	https://id.biodiversity.org.au/instance/afd/70792310	https://id.biodiversity.org.au/instance/afd/70792309
Wahlenbergia sp.	:wahlenbergia-sp	genus match	https://id.biodiversity.org.au/instance/apni/663169	https://id.biodiversity.org.au/instance/apni/663169	null
Wallabia bicolor	:wallabia-bicolor	species match	https://id.biodiversity.org.au/instance/afd/72346953	https://id.biodiversity.org.au/instance/afd/72346953	https://id.biodiversity.org.au/instance/afd/70811660
Wurmbea dioica subsp dioica	:wurmbea-dioica-subsp-dioica	subspecies match	https://id.biodiversity.org.au/instance/apni/614065	https://id.biodiversity.org.au/instance/apni/614065	https://id.biodiversity.org.au/instance/apni/614064
Xerochrysum viscosum	:xerochrysum-viscosum	species match	https://id.biodiversity.org.au/instance/apni/781089	https://id.biodiversity.org.au/instance/apni/781089	https://id.biodiversity.org.au/instance/apni/741083
Zizina otis	:zizina-otis	species match	https://id.biodiversity.org.au/instance/afd/70932361	https://id.biodiversity.org.au/instance/afd/70932361	https://id.biodiversity.org.au/instance/afd/70932360
Crinum	:crinia		https://id.biodiversity.org.au/name/apni/84643
Diuris	:diuris		https://id.biodiversity.org.au/name/apni/78645
	:acacia		https://id.biodiversity.org.au/name/apni/56859
	:anas		https://id.biodiversity.org.au/name/apni/200502
	:austrostipa		https://id.biodiversity.org.au/name/apni/199335
	:caladenia		https://id.biodiversity.org.au/name/apni/90466
	:eucalyptus		https://id.biodiversity.org.au/name/apni/102507
	:goodenia		https://id.biodiversity.org.au/name/apni/89049
	:limnodynastes		https://biodiversity.org.au/afd/taxa/Limnodynastes
	:litoria		https://biodiversity.org.au/afd/taxa/Litoria
	:lobelia		https://id.biodiversity.org.au/name/apni/86121
	:nassella		https://id.biodiversity.org.au/name/apni/63766
	:olearia		https://id.biodiversity.org.au/name/apni/103168
	:prasophyllum		https://id.biodiversity.org.au/name/apni/85348
	:rhipidura		https://biodiversity.org.au/afd/taxa/Rhipidura_%28Rhipidura%29
	:swainsona		https://id.biodiversity.org.au/name/apni/75044
	:tiliqua		https://biodiversity.org.au/afd/taxa/Tiliqua